#SampleID,BarcodeSequence,LinkerPrimerSequence,SpeciesName,AnimalName,CollectionDate,DietType,ActivityType,TaxaSuperFamily,TaxaFamily,Batch,ReadCount,Description,ChowWeight,FruitWeight,VegWeight,Insects,BambooWeight,LeavesWeight
1,CCTCGCATGACC,GTGTGYCAGCMGCCGCGGTAA,M.murinus,Briony,7/22/2016,insectivore,nocturnal,Lemuroid,Cheriogaleidae,1,98792,1_A1,1.5,15,15,4,0,0
2,GGCGTAACGGCA,GTGTGYCAGCMGCCGCGGTAA,M.murinus,Wormwood,7/27/2016,insectivore,nocturnal,Lemuroid,Cheriogaleidae,1,121478,1_A2,1.5,15,15,4,0,0
3,GCGAGGAAGTCC,GTGTGYCAGCMGCCGCGGTAA,M.murinus,Tzatziki,7/28/2016,insectivore,nocturnal,Lemuroid,Cheriogaleidae,1,129694,1_A3,1.5,15,15,4,0,0
4,CAAATTCGGGAT,GTGTGYCAGCMGCCGCGGTAA,M.murinus,Wasabi,7/29/2016,insectivore,nocturnal,Lemuroid,Cheriogaleidae,1,127254,1_A4,1.5,15,15,4,0,0
5,TTGTGTCTCCCT,GTGTGYCAGCMGCCGCGGTAA,M.murinus,Filbert,7/29/2016,insectivore,nocturnal,Lemuroid,Cheriogaleidae,1,107810,1_A5,1.5,15,15,4,0,0
6,CAATGTAGACAC,GTGTGYCAGCMGCCGCGGTAA,M.murinus,Woundwort,8/4/2016,insectivore,nocturnal,Lemuroid,Cheriogaleidae,1,106478,1_A6,1.5,15,15,4,0,0
9,AACTTTCAGGAG,GTGTGYCAGCMGCCGCGGTAA,M.murinus,Blackberry,8/9/2016,insectivore,nocturnal,Lemuroid,Cheriogaleidae,1,123459,1_A8,1.5,15,15,4,0,0
10,CCAGGACAGGAA,GTGTGYCAGCMGCCGCGGTAA,M.murinus,PricklyPear,8/9/2016,insectivore,nocturnal,Lemuroid,Cheriogaleidae,1,118641,1_A9,1.5,15,15,4,0,0
11,GCGCGGCGTTGC,GTGTGYCAGCMGCCGCGGTAA,M.murinus,Spalt,8/9/2016,insectivore,nocturnal,Lemuroid,Cheriogaleidae,1,100889,1_A10,1.5,15,15,4,0,0
12,GTCGCTTGCACA,GTGTGYCAGCMGCCGCGGTAA,M.murinus,Daikon,8/9/2016,insectivore,nocturnal,Lemuroid,Cheriogaleidae,1,67438,1_A11,1.5,15,15,4,0,0
13,TCCGCCTAGTCG,GTGTGYCAGCMGCCGCGGTAA,M.murinus,Butternut,8/15/2016,insectivore,nocturnal,Lemuroid,Cheriogaleidae,1,96233,1_A12,1.5,15,15,4,0,0
15,CGCGCAAGTATT,GTGTGYCAGCMGCCGCGGTAA,L.catta,Licinius,10/25/2016,omnivore,diurnal,Lemuroid,Lemuridae,1,93072,1_B1,60,40,40,0,0,0
16,AATACAGACCTG,GTGTGYCAGCMGCCGCGGTAA,L.catta,Jones,10/25/2016,omnivore,diurnal,Lemuroid,Lemuridae,1,113931,1_B2,60,40,40,0,0,0
17,GGACAAGTGCGA,GTGTGYCAGCMGCCGCGGTAA,L.catta,Berisides,10/25/2016,omnivore,diurnal,Lemuroid,Lemuridae,1,112706,1_B3,60,40,40,0,0,0
18,TACGGTCTGGAT,GTGTGYCAGCMGCCGCGGTAA,L.catta,Stewart,10/25/2016,omnivore,diurnal,Lemuroid,Lemuridae,1,96538,1_B4,60,40,40,0,0,0
19,TTCAGTTCGTTA,GTGTGYCAGCMGCCGCGGTAA,L.catta,Aracus,10/24/2016,omnivore,diurnal,Lemuroid,Lemuridae,1,111265,1_B5,60,40,40,0,0,0
20,CCGCGTCTCAAC,GTGTGYCAGCMGCCGCGGTAA,L.catta,Aristides,10/26/2016,omnivore,diurnal,Lemuroid,Lemuridae,1,82007,1_B6,60,40,40,0,0,0
21,CCGAGGTATAAT,GTGTGYCAGCMGCCGCGGTAA,L.catta,Nikos,10/26/2016,omnivore,diurnal,Lemuroid,Lemuridae,1,115119,1_B7,60,40,40,0,0,0
22,AGATTCGCTCGA,GTGTGYCAGCMGCCGCGGTAA,L.catta,Teres,10/28/2016,omnivore,diurnal,Lemuroid,Lemuridae,1,99600,1_B8,60,40,40,0,0,0
23,TTGCCGCTCTGG,GTGTGYCAGCMGCCGCGGTAA,L.catta,Fritz,10/28/2016,omnivore,diurnal,Lemuroid,Lemuridae,1,92398,1_B9,60,40,40,0,0,0
24,AGACTTCTCAGG,GTGTGYCAGCMGCCGCGGTAA,L.catta,Randy,10/28/2016,omnivore,diurnal,Lemuroid,Lemuridae,1,113933,1_B10,60,40,40,0,0,0
25,TCTTGCGGAGTC,GTGTGYCAGCMGCCGCGGTAA,L.catta,Onyx,10/28/2016,omnivore,diurnal,Lemuroid,Lemuridae,1,108448,1_B11,60,40,40,0,0,0
26,CTATCTCCTGTC,GTGTGYCAGCMGCCGCGGTAA,L.catta,Alena,12/6/2016,omnivore,diurnal,Lemuroid,Lemuridae,1,110983,1_B12,60,40,40,0,0,0
27,AAGGCGCTCCTT,GTGTGYCAGCMGCCGCGGTAA,L.catta,Tellus,12/6/2016,omnivore,diurnal,Lemuroid,Lemuridae,1,105776,1_C1,60,40,40,0,0,0
28,GATCTAATCGAG,GTGTGYCAGCMGCCGCGGTAA,L.catta,Justine,12/6/2016,omnivore,diurnal,Lemuroid,Lemuridae,1,122527,1_C2,60,40,40,0,0,0
29,CTGATGTACACG,GTGTGYCAGCMGCCGCGGTAA,C.medius,KiwiBird,10/14/2016,insectivore,nocturnal,Lemuroid,Cheriogaleidae,1,106831,1_C3,2,2,2,0,0,0
30,ACGTATTCGAAG,GTGTGYCAGCMGCCGCGGTAA,C.medius,Jaeger,10/14/2016,insectivore,nocturnal,Lemuroid,Cheriogaleidae,1,120830,1_C4,2,2,2,0,0,0
32,TGGTGGAGTTTC,GTGTGYCAGCMGCCGCGGTAA,C.medius,Emu,10/14/2016,insectivore,nocturnal,Lemuroid,Cheriogaleidae,1,110785,1_C6,2,2,2,0,0,0
33,TTAACAAGGCAA,GTGTGYCAGCMGCCGCGGTAA,C.medius,Osprey,12/6/2016,insectivore,nocturnal,Lemuroid,Cheriogaleidae,1,121378,1_C7,2,2,2,0,0,0
34,AACCGCATAAGT,GTGTGYCAGCMGCCGCGGTAA,C.medius,Towhee,12/7/2016,insectivore,nocturnal,Lemuroid,Cheriogaleidae,1,100541,1_C8,2,2,2,0,0,0
35,CCACAACGATCA,GTGTGYCAGCMGCCGCGGTAA,C.medius,Tanager,12/8/2016,insectivore,nocturnal,Lemuroid,Cheriogaleidae,1,103215,1_C9,2,2,2,0,0,0
36,AGTTCTCATTAA,GTGTGYCAGCMGCCGCGGTAA,C.medius,Hottentot,12/9/2016,insectivore,nocturnal,Lemuroid,Cheriogaleidae,1,107383,1_C10,2,2,2,0,0,0
37,GAGCCATCTGTA,GTGTGYCAGCMGCCGCGGTAA,D.madagascariensis,Nosferatu,12/7/2016,insectivore,nocturnal,Lemuroid,Daubentoniidae,1,77545,1_C11,160,100,85,30,0,0
38,GATATACCAGTG,GTGTGYCAGCMGCCGCGGTAA,D.madagascariensis,Po,12/7/2016,insectivore,nocturnal,Lemuroid,Daubentoniidae,1,81147,1_C12,160,100,85,30,0,0
39,CGCAATGAGGGA,GTGTGYCAGCMGCCGCGGTAA,D.madagascariensis,Lucretia,12/8/2016,insectivore,nocturnal,Lemuroid,Daubentoniidae,1,88552,1_D1,160,100,85,30,0,0
40,CCGCAGCCGCAG,GTGTGYCAGCMGCCGCGGTAA,N.pygmaeus,Junebug,12/5/2016,insectivore,nocturnal,Lorisoid,Lorisidae,1,88499,1_D2,12,6,6,4,0,0
41,TGGAGCCTTGTC,GTGTGYCAGCMGCCGCGGTAA,N.pygmaeus,Junebug,12/7/2016,insectivore,nocturnal,Lorisoid,Lorisidae,1,92307,1_D3,12,6,6,4,0,0
42,TTACTTATCCGA,GTGTGYCAGCMGCCGCGGTAA,O.crassicaudatus,Pretoria,12/7/2016,insectivore,nocturnal,Lorisoid,Galagidae,1,92019,1_D4,24,24,24,6,0,0
43,ATGGGACCTTCA,GTGTGYCAGCMGCCGCGGTAA,L.catta,Licinius,3/14/2014,omnivore,diurnal,Lemuroid,Lemuridae,1,110589,1_D5,60,40,40,0,0,0
44,TCCGATAATCGG,GTGTGYCAGCMGCCGCGGTAA,L.catta,Fritz,3/12/2013,omnivore,diurnal,Lemuroid,Lemuridae,1,100219,1_D6,60,40,40,0,0,0
45,AAGTCACACACA,GTGTGYCAGCMGCCGCGGTAA,L.catta,Ginger,3/12/2013,omnivore,diurnal,Lemuroid,Lemuridae,1,85948,1_D7,60,40,40,0,0,0
46,GAAGTAGCGAGC,GTGTGYCAGCMGCCGCGGTAA,L.catta,Lilah,3/14/2014,omnivore,diurnal,Lemuroid,Lemuridae,1,110998,1_D8,60,40,40,0,0,0
47,CACCATCTCCGG,GTGTGYCAGCMGCCGCGGTAA,L.catta,Liesl,3/11/2013,omnivore,diurnal,Lemuroid,Lemuridae,1,81765,1_D9,60,40,40,0,0,0
48,GTGTCGAGGGCA,GTGTGYCAGCMGCCGCGGTAA,L.catta,Persephone,3/14/2014,omnivore,diurnal,Lemuroid,Lemuridae,1,90699,1_D10,60,40,40,0,0,0
49,TTCCACACGTGG,GTGTGYCAGCMGCCGCGGTAA,L.catta,Hibernia,3/14/2013,omnivore,diurnal,Lemuroid,Lemuridae,1,78346,1_D11,60,40,40,0,0,0
50,AGAATCCACCAC,GTGTGYCAGCMGCCGCGGTAA,L.catta,Johan,3/11/2013,omnivore,diurnal,Lemuroid,Lemuridae,1,114646,1_D12,60,40,40,0,0,0
51,ACGGCGTTATGT,GTGTGYCAGCMGCCGCGGTAA,L.catta,Justine,3/19/2013,omnivore,diurnal,Lemuroid,Lemuridae,1,106001,1_E1,60,40,40,0,0,0
52,GAACCGTGCAGG,GTGTGYCAGCMGCCGCGGTAA,L.catta,Fern,3/12/2013,omnivore,diurnal,Lemuroid,Lemuridae,1,104499,1_E2,60,40,40,0,0,0
53,ACGTGCCTTAGA,GTGTGYCAGCMGCCGCGGTAA,L.catta,Dorieus,3/14/2013,omnivore,diurnal,Lemuroid,Lemuridae,1,108074,1_E3,60,40,40,0,0,0
54,AGTTGTAGTCCG,GTGTGYCAGCMGCCGCGGTAA,L.catta,Edelweiss,3/14/2013,omnivore,diurnal,Lemuroid,Lemuridae,1,100126,1_E4,60,40,40,0,0,0
55,AGGGACTTCAAT,GTGTGYCAGCMGCCGCGGTAA,L.catta,Dory,3/12/2013,omnivore,diurnal,Lemuroid,Lemuridae,1,107224,1_E5,60,40,40,0,0,0
56,CGGCCAGAAGCA,GTGTGYCAGCMGCCGCGGTAA,L.catta,Sobe,3/13/2013,omnivore,diurnal,Lemuroid,Lemuridae,1,110668,1_E6,60,40,40,0,0,0
57,TGGCAGCGAGCC,GTGTGYCAGCMGCCGCGGTAA,L.catta,Sprite,3/13/2013,omnivore,diurnal,Lemuroid,Lemuridae,1,94664,1_E7,60,40,40,0,0,0
58,GTGAATGTTCGA,GTGTGYCAGCMGCCGCGGTAA,L.catta,Tellis,3/14/2013,omnivore,diurnal,Lemuroid,Lemuridae,1,129376,1_E8,60,40,40,0,0,0
59,TATGTTGACGGC,GTGTGYCAGCMGCCGCGGTAA,L.catta,Sophia,3/19/2013,omnivore,diurnal,Lemuroid,Lemuridae,1,119232,1_E9,60,40,40,0,0,0
60,AGTGTTTCGGAC,GTGTGYCAGCMGCCGCGGTAA,L.catta,Sosiphanes,3/14/2013,omnivore,diurnal,Lemuroid,Lemuridae,1,114740,1_E10,60,40,40,0,0,0
61,ATTTCCGCTAAT,GTGTGYCAGCMGCCGCGGTAA,L.catta,Tugger,3/14/2013,omnivore,diurnal,Lemuroid,Lemuridae,1,92939,1_E11,60,40,40,0,0,0
62,CAAACCTATGGC,GTGTGYCAGCMGCCGCGGTAA,L.catta,Teres,3/13/2013,omnivore,diurnal,Lemuroid,Lemuridae,1,116073,1_E12,60,40,40,0,0,0
64,ACTAAGTACCCG,GTGTGYCAGCMGCCGCGGTAA,L.catta,Shroeder,3/11/2013,omnivore,diurnal,Lemuroid,Lemuridae,1,111868,1_F2,60,40,40,0,0,0
65,CACCCTTGCGAC,GTGTGYCAGCMGCCGCGGTAA,L.catta,Schweppes,3/13/2013,omnivore,diurnal,Lemuroid,Lemuridae,1,112750,1_F3,60,40,40,0,0,0
66,GATGCCTAATGA,GTGTGYCAGCMGCCGCGGTAA,L.catta,Rolfe,3/11/2013,omnivore,diurnal,Lemuroid,Lemuridae,1,89883,1_F4,60,40,40,0,0,0
67,GTACGTCACTGA,GTGTGYCAGCMGCCGCGGTAA,C. sifaka,Romulus,3/12/2013,folivore,diurnal,Lemuroid,Indriidae,1,126955,1_F5,75,0,30,0,0,180
68,TCGCTACAGATG,GTGTGYCAGCMGCCGCGGTAA,V.rubra,Pandora,3/14/2013,omnivore,diurnal,Lemuroid,Lemuridae,1,61035,1_F6,80,90,30,0,0,0
69,CCGGCTTATGTG,GTGTGYCAGCMGCCGCGGTAA,V.rubra,Galaxy,3/14/2013,omnivore,diurnal,Lemuroid,Lemuridae,1,97722,1_F7,80,90,30,0,0,0
71,ATAGTCCTTTAA,GTGTGYCAGCMGCCGCGGTAA,V.rubra,Hunter,3/13/2013,omnivore,diurnal,Lemuroid,Lemuridae,1,111513,1_F8,80,90,30,0,0,0
72,TCGAGCCGATCT,GTGTGYCAGCMGCCGCGGTAA,V.rubra,OrionJr,3/12/2013,omnivore,diurnal,Lemuroid,Lemuridae,1,71461,1_F9,80,90,30,0,0,0
73,AGTGCAGGAGCC,GTGTGYCAGCMGCCGCGGTAA,V.rubra,Esther,3/12/2013,omnivore,diurnal,Lemuroid,Lemuridae,1,83199,1_F10,80,90,30,0,0,0
74,GTACTCGAACCA,GTGTGYCAGCMGCCGCGGTAA,V.rubra,Scorpius2,3/12/2013,omnivore,diurnal,Lemuroid,Lemuridae,1,102363,1_F11,80,90,30,0,0,0
75,ATAGGAATAACC,GTGTGYCAGCMGCCGCGGTAA,V.rubra,Scorpius,3/12/2013,omnivore,diurnal,Lemuroid,Lemuridae,1,110023,1_F12,80,90,30,0,0,0
76,GCTGCGTATACC,GTGTGYCAGCMGCCGCGGTAA,H. griseus,Beavis,3/21/2013,folivore,diurnal,Lemuroid,Lemuridae,1,76466,1_G1,25,15,15,0,50,0
77,CTCAGCGGGACG,GTGTGYCAGCMGCCGCGGTAA,H. griseus,Beeper,3/14/2013,folivore,diurnal,Lemuroid,Lemuridae,1,100021,1_G2,25,15,15,0,50,0
78,ATGCCTCGTAAG,GTGTGYCAGCMGCCGCGGTAA,H. griseus,Beware,3/14/2013,folivore,diurnal,Lemuroid,Lemuridae,1,112767,1_G3,25,15,15,0,50,0
79,TTAGTTTGTCAC,GTGTGYCAGCMGCCGCGGTAA,H. griseus,Beserk,3/21/2013,folivore,diurnal,Lemuroid,Lemuridae,1,102492,1_G4,25,15,15,0,50,0
80,CCGGCCGCGTGC,GTGTGYCAGCMGCCGCGGTAA,L.catta,Br8,3/11/2013,omnivore,diurnal,Lemuroid,Lemuridae,1,84544,1_G5,60,40,40,0,0,0
81,ATTATGATTATG,GTGTGYCAGCMGCCGCGGTAA,L.catta,Alana,3/12/2013,omnivore,diurnal,Lemuroid,Lemuridae,1,120932,1_G6,60,40,40,0,0,0
82,CGAATACTGACA,GTGTGYCAGCMGCCGCGGTAA,V.rubra,Antlia,3/12/2013,omnivore,diurnal,Lemuroid,Lemuridae,1,96976,1_G7,80,90,30,0,0,0
84,TAAGGTCGATAA,GTGTGYCAGCMGCCGCGGTAA,L.catta,Aracus,3/12/2013,omnivore,diurnal,Lemuroid,Lemuridae,1,117099,1_G9,60,40,40,0,0,0
85,GTTGCTGAGTCC,GTGTGYCAGCMGCCGCGGTAA,L.catta,Alastor,3/13/2013,omnivore,diurnal,Lemuroid,Lemuridae,1,102951,1_G10,60,40,40,0,0,0
86,ACACCGCACAAT,GTGTGYCAGCMGCCGCGGTAA,L.catta,SierraMistorBerisades,3/13/2013,omnivore,diurnal,Lemuroid,Lemuridae,1,82550,1_G11,60,40,40,0,0,0
87,CACAACCACAAC,GTGTGYCAGCMGCCGCGGTAA,L.catta,CanadaDry,3/13/2013,omnivore,diurnal,Lemuroid,Lemuridae,1,124510,1_G12,60,40,40,0,0,0
88,GAGAAGCTTATA,GTGTGYCAGCMGCCGCGGTAA,L.catta,Aristides,3/14/2014,omnivore,diurnal,Lemuroid,Lemuridae,1,130313,1_H1,60,40,40,0,0,0
89,GTTAACTTACTA,GTGTGYCAGCMGCCGCGGTAA,V.rubra,Aries,3/12/2013,omnivore,diurnal,Lemuroid,Lemuridae,1,146736,1_H2,80,90,30,0,0,0
90,GTTGTTCTGGGA,GTGTGYCAGCMGCCGCGGTAA,V.rubra,Comet,3/14/2014,omnivore,diurnal,Lemuroid,Lemuridae,1,138581,1_H3,80,90,30,0,0,0
91,AGGGTGACTTTA,GTGTGYCAGCMGCCGCGGTAA,V.rubra,Carina,3/19/2013,omnivore,diurnal,Lemuroid,Lemuridae,1,121248,1_H4,80,90,30,0,0,0
92,GCCGCCAGGGTC,GTGTGYCAGCMGCCGCGGTAA,V.rubra,Borealis,3/13/2013,omnivore,diurnal,Lemuroid,Lemuridae,1,92867,1_H5,80,90,30,0,0,0
93,GCCACCGCCGGA,GTGTGYCAGCMGCCGCGGTAA,V.rubra,Avior,3/14/2013,omnivore,diurnal,Lemuroid,Lemuridae,1,95831,1_H6,80,90,30,0,0,0
94,ACACACCCTGAC,GTGTGYCAGCMGCCGCGGTAA,V.rubra,Pyxis,3/13/2013,omnivore,diurnal,Lemuroid,Lemuridae,1,103026,1_H7,80,90,30,0,0,0
98,ATAATTGCCGAG,GTGTGYCAGCMGCCGCGGTAA,M.murinus,Mrs.Dash,6/22/2016,insectivore,nocturnal,Lemuroid,Cheriogaleidae,1,119789,1_H9,1.5,15,15,4,0,0
99,CGGAGAGACATG,GTGTGYCAGCMGCCGCGGTAA,M.murinus,Huckleberry,6/21/2016,insectivore,nocturnal,Lemuroid,Cheriogaleidae,1,99865,1_H10,1.5,15,15,4,0,0
100,CAGCCCTACCCA,GTGTGYCAGCMGCCGCGGTAA,M.murinus,TexasPete,6/21/2016,insectivore,nocturnal,Lemuroid,Cheriogaleidae,1,110104,1_H11,1.5,15,15,4,0,0
101,TCGTTGGGACTA,GTGTGYCAGCMGCCGCGGTAA,M.murinus,Poblano,6/21/2016,insectivore,nocturnal,Lemuroid,Cheriogaleidae,1,121862,1_H12,1.5,15,15,4,0,0
102,GTTTGGCCACAC,GTGTGYCAGCMGCCGCGGTAA,M.murinus,Jicama,6/21/2016,insectivore,nocturnal,Lemuroid,Cheriogaleidae,1,69338,2_A1,1.5,15,15,4,0,0
103,GTCCTACACAGC,GTGTGYCAGCMGCCGCGGTAA,M.murinus,Oleander,6/21/2016,insectivore,nocturnal,Lemuroid,Cheriogaleidae,1,103755,2_A2,1.5,15,15,4,0,0
104,ATTTACAATTGA,GTGTGYCAGCMGCCGCGGTAA,M.murinus,Bulrush,6/21/2016,insectivore,nocturnal,Lemuroid,Cheriogaleidae,1,102469,2_A3,1.5,15,15,4,0,0
105,CCACTGCCCACC,GTGTGYCAGCMGCCGCGGTAA,M.murinus,Gobo,6/28/2016,insectivore,nocturnal,Lemuroid,Cheriogaleidae,1,94116,2_A4,1.5,15,15,4,0,0
106,ATAGTTAGGGCT,GTGTGYCAGCMGCCGCGGTAA,M.murinus,Nettle,6/28/2016,insectivore,nocturnal,Lemuroid,Cheriogaleidae,1,106079,2_A5,1.5,15,15,4,0,0
107,GACCCGTTTCGC,GTGTGYCAGCMGCCGCGGTAA,M.murinus,Mushmelon,6/28/2016,insectivore,nocturnal,Lemuroid,Cheriogaleidae,1,109053,2_A6,1.5,15,15,4,0,0
108,TGACTGCGTTAG,GTGTGYCAGCMGCCGCGGTAA,M.murinus,Hurtleberry,6/28/2016,insectivore,nocturnal,Lemuroid,Cheriogaleidae,1,96053,2_A7,1.5,15,15,4,0,0
109,ACGTTAATATTC,GTGTGYCAGCMGCCGCGGTAA,M.murinus,Dogbane,6/28/2016,insectivore,nocturnal,Lemuroid,Cheriogaleidae,1,118588,2_A8,1.5,15,15,4,0,0
110,TCTAACGAGTGC,GTGTGYCAGCMGCCGCGGTAA,M.murinus,Butterbur,7/6/2016,insectivore,nocturnal,Lemuroid,Cheriogaleidae,1,104537,2_A9,1.5,15,15,4,0,0
111,GATCCCACGTAC,GTGTGYCAGCMGCCGCGGTAA,M.murinus,Pesto,7/6/2016,insectivore,nocturnal,Lemuroid,Cheriogaleidae,1,86191,2_A10,1.5,15,15,4,0,0
112,CCGCCAGCTTTG,GTGTGYCAGCMGCCGCGGTAA,M.murinus,Shiso,7/7/2016,insectivore,nocturnal,Lemuroid,Cheriogaleidae,1,100645,2_A11,1.5,15,15,4,0,0
113,TCATCTTGATTG,GTGTGYCAGCMGCCGCGGTAA,M.murinus,Loblolly,7/7/2016,insectivore,nocturnal,Lemuroid,Cheriogaleidae,1,121124,2_A12,1.5,15,15,4,0,0
114,TATATAGTATCC,GTGTGYCAGCMGCCGCGGTAA,M.murinus,Buckwheat,7/12/2016,insectivore,nocturnal,Lemuroid,Cheriogaleidae,1,92917,2_B1,1.5,15,15,4,0,0
115,ACTGTTTACTGT,GTGTGYCAGCMGCCGCGGTAA,M.murinus,Nugget,7/12/2016,insectivore,nocturnal,Lemuroid,Cheriogaleidae,1,104834,2_B2,1.5,15,15,4,0,0
116,GTCACGGACATT,GTGTGYCAGCMGCCGCGGTAA,M.murinus,JoePyeWeed,7/15/2016,insectivore,nocturnal,Lemuroid,Cheriogaleidae,1,98723,2_B3,1.5,15,15,4,0,0
117,GAATATACCTGG,GTGTGYCAGCMGCCGCGGTAA,M.murinus,Foxglove,7/22/2016,insectivore,nocturnal,Lemuroid,Cheriogaleidae,1,96773,2_B4,1.5,15,15,4,0,0
cps172,GTTTGCTCGAGA,CCGGACTACHVGGGTWTCTAAT,C. sifaka,Isabella,8/8/2016,folivore,diurnal,Lemuroid,Indriidae,2,38741,Lydia,75,0,30,0,0,180
cps173,CAAACGCACTAA,CCGGACTACHVGGGTWTCTAAT,C. sifaka,Pompeia,8/8/2016,folivore,diurnal,Lemuroid,Indriidae,2,65180,Lydia,75,0,30,0,0,180
cps174,GAACAAAGAGCG,CCGGACTACHVGGGTWTCTAAT,C. sifaka,Charlie,8/8/2016,folivore,diurnal,Lemuroid,Indriidae,2,60715,Lydia,75,0,30,0,0,180
cps175,GCTAAGTGATGT,CCGGACTACHVGGGTWTCTAAT,C. sifaka,Lupicina,8/8/2016,folivore,diurnal,Lemuroid,Indriidae,2,70119,Lydia,75,0,30,0,0,180
cps176,AAGGGACAAGTG,CCGGACTACHVGGGTWTCTAAT,C. sifaka,Thrax,8/8/2016,folivore,diurnal,Lemuroid,Indriidae,2,59093,Lydia,75,0,30,0,0,180
cps177,AGTGTCGATTCG,CCGGACTACHVGGGTWTCTAAT,C. sifaka,Euphemia,8/8/2016,folivore,diurnal,Lemuroid,Indriidae,2,67975,Lydia,75,0,30,0,0,180
cps178,CTATTAAGCGGC,CCGGACTACHVGGGTWTCTAAT,C. sifaka,Bertha,8/8/2016,folivore,diurnal,Lemuroid,Indriidae,2,63657,Lydia,75,0,30,0,0,180
cps179,CCTACCATTGTT,CCGGACTACHVGGGTWTCTAAT,C. sifaka,Pia,8/8/2016,folivore,diurnal,Lemuroid,Indriidae,2,58654,Lydia,75,0,30,0,0,180
cps180,GAGTCCGTTGCT,CCGGACTACHVGGGTWTCTAAT,C. sifaka,Ferdinand,8/8/2016,folivore,diurnal,Lemuroid,Indriidae,2,70828,Lydia,75,0,30,0,0,180
cps182,TAAACCTGGACA,CCGGACTACHVGGGTWTCTAAT,C. sifaka,Marcus,8/8/2016,folivore,diurnal,Lemuroid,Indriidae,2,74178,Lydia,75,0,30,0,0,180
cps183,CCGAATTGACAA,CCGGACTACHVGGGTWTCTAAT,C. sifaka,Eleanor,8/8/2016,folivore,diurnal,Lemuroid,Indriidae,2,67455,Lydia,75,0,30,0,0,180
cps184,CTGGCATCTAGC,CCGGACTACHVGGGTWTCTAAT,C. sifaka,Wenceslaus,8/8/2016,folivore,diurnal,Lemuroid,Indriidae,2,76129,Lydia,75,0,30,0,0,180
cps185,GGTGGTCGTTCT,CCGGACTACHVGGGTWTCTAAT,C. sifaka,Rodelinda,8/8/2016,folivore,diurnal,Lemuroid,Indriidae,2,78640,Lydia,75,0,30,0,0,180
cps186,ACTATGGGCTAA,CCGGACTACHVGGGTWTCTAAT,C. sifaka,Beatrice,8/8/2016,folivore,diurnal,Lemuroid,Indriidae,2,66294,Lydia,75,0,30,0,0,180
cps187,GCATTGAGTTCG,CCGGACTACHVGGGTWTCTAAT,C. sifaka,Gisela,8/8/2016,folivore,diurnal,Lemuroid,Indriidae,2,75336,Lydia,75,0,30,0,0,180
cps188,GTTGCTGAGTCC,CCGGACTACHVGGGTWTCTAAT,C. sifaka,Rupert,8/8/2016,folivore,diurnal,Lemuroid,Indriidae,2,70553,Lydia,75,0,30,0,0,180
cps189,CTATGGTGAACC,CCGGACTACHVGGGTWTCTAAT,C. sifaka,Valeria,8/8/2016,folivore,diurnal,Lemuroid,Indriidae,2,66829,Lydia,75,0,30,0,0,180
cps190,GGACCAAGGGAT,CCGGACTACHVGGGTWTCTAAT,C. sifaka,Martin,8/8/2016,folivore,diurnal,Lemuroid,Indriidae,2,78700,Lydia,75,0,30,0,0,180
cps191,GTATTGGTCAGA,CCGGACTACHVGGGTWTCTAAT,C. sifaka,Matilda,8/8/2016,folivore,diurnal,Lemuroid,Indriidae,2,71518,Lydia,75,0,30,0,0,180
cps192,AGAACCGTCATA,CCGGACTACHVGGGTWTCTAAT,C. sifaka,Pontius,8/8/2016,folivore,diurnal,Lemuroid,Indriidae,2,71531,Lydia,75,0,30,0,0,180
cps193,AACTGGAACCCT,CCGGACTACHVGGGTWTCTAAT,C. sifaka,Aemilia,8/8/2016,folivore,diurnal,Lemuroid,Indriidae,2,70189,Lydia,75,0,30,0,0,180
cps194,ATACTCGGCTGC,CCGGACTACHVGGGTWTCTAAT,C. sifaka,Julian,8/8/2016,folivore,diurnal,Lemuroid,Indriidae,2,67020,Lydia,75,0,30,0,0,180
cps195,ACGCTTAACGAC,CCGGACTACHVGGGTWTCTAAT,C. sifaka,Drusilla,8/8/2016,folivore,diurnal,Lemuroid,Indriidae,2,73419,Lydia,75,0,30,0,0,180
cps196,AGCTTACCGACC,CCGGACTACHVGGGTWTCTAAT,C. sifaka,Rupi,8/8/2016,folivore,diurnal,Lemuroid,Indriidae,2,70564,Lydia,75,0,30,0,0,180
cps197,AGGGCTATAGTT,CCGGACTACHVGGGTWTCTAAT,C. sifaka,Remus,8/8/2016,folivore,diurnal,Lemuroid,Indriidae,2,71425,Lydia,75,0,30,0,0,180
cps198,TGTCTCGCAAGC,CCGGACTACHVGGGTWTCTAAT,C. sifaka,Romulus,8/8/2016,folivore,diurnal,Lemuroid,Indriidae,2,67356,Lydia,75,0,30,0,0,180
cps199,CAGCCGCATATC,CCGGACTACHVGGGTWTCTAAT,C. sifaka,Gordian,8/8/2016,folivore,diurnal,Lemuroid,Indriidae,2,66762,Lydia,75,0,30,0,0,180
cps200,GATACGTTCGCA,CCGGACTACHVGGGTWTCTAAT,C. sifaka,Antonia,8/8/2016,folivore,diurnal,Lemuroid,Indriidae,2,76823,Lydia,75,0,30,0,0,180
cps201,CCAAGATTCGCC,CCGGACTACHVGGGTWTCTAAT,C. sifaka,Lucius,8/8/2016,folivore,diurnal,Lemuroid,Indriidae,2,69917,Lydia,75,0,30,0,0,180
cps202,GAGGCTGATTTA,CCGGACTACHVGGGTWTCTAAT,C. sifaka,Gertrude,8/8/2016,folivore,diurnal,Lemuroid,Indriidae,2,62939,Lydia,75,0,30,0,0,180
